firstname;lastname;email;password
Janina;Hertzog;Janina.Hertzog@test.de;secret
Max;Dörr;Max.Dörr@test.de;secret
Mario;Baier ;Mario.Baier @test.de;secret
Maximilian;Müller;Maximilian .Müller@test.de;secret
Wolfgang;Freeh;Wolfgang .Freeh@test.de;secret
Kristian;Schroeder;Kristian.Schroeder@test.de;secret
Barbara;Achen ;Barbara.Achen @test.de;secret
Sabine;Neumann;Sabine .Neumann@test.de;secret
Ralf;Neumann;Ralf .Neumann@test.de;secret
Philipp;Schwarz;Philipp.Schwarz@test.de;secret
Michelle;Pfeiffer;Michelle .Pfeiffer@test.de;secret
Kathrin;Bieber;Kathrin.Bieber@test.de;secret
Dirk;Drechsler;Dirk.Drechsler@test.de;secret
Dennis;Daecher;Dennis.Daecher@test.de;secret
Paul;Holzmann;Paul.Holzmann@test.de;secret
Mandy;Eisenhower;Mandy.Eisenhower@test.de;secret
Annett;Krüger;Annett.Krüger@test.de;secret
Sven;Eisenberg;Sven.Eisenberg@test.de;secret
Mike;Eggers;Mike.Eggers@test.de;secret
Kevin;Gruenewald ;Kevin .Gruenewald @test.de;secret
Patrick;Burger;Patrick.Burger@test.de;secret
Tanja;Blau;Tanja.Blau@test.de;secret
Jennifer;Kappel;Jennifer .Kappel@test.de;secret
Peter;Glockner;Peter.Glockner@test.de;secret
Sven;Weber;Sven.Weber@test.de;secret
Benjamin;Frankfurter;Benjamin.Frankfurter@test.de;secret
Leon;Rothschild;Leon.Rothschild@test.de;secret
Benjamin;Furst;Benjamin.Furst@test.de;secret
Mathias;Koch;Mathias.Koch@test.de;secret
Vanessa;Jaeger;Vanessa.Jaeger@test.de;secret
Benjamin;Biermann;Benjamin.Biermann@test.de;secret
Maria;Schwarz;Maria.Schwarz@test.de;secret
Christin;Holtzmann;Christin.Holtzmann@test.de;secret
Karin;Grunewald;Karin.Grunewald@test.de;secret
Mike;Adler;Mike.Adler@test.de;secret
Tanja;Naumann;Tanja.Naumann@test.de;secret
Nicole;Brandt;Nicole.Brandt@test.de;secret
Jennifer;Luft;Jennifer.Luft@test.de;secret
Anke;Meier;Anke.Meier@test.de;secret
Sophie;Bachmeier ;Sophie.Bachmeier @test.de;secret
Erik;Schröder;Erik.Schröder@test.de;secret
Sophia;Hartmann;Sophia.Hartmann@test.de;secret
Sophia;Egger;Sophia.Egger@test.de;secret
Philipp;Kuefer;Philipp.Kuefer@test.de;secret
Jens;Nussbaum;Jens.Nussbaum@test.de;secret
Sven;Schwartz;Sven.Schwartz@test.de;secret
Paul;Pfeiffer;Paul.Pfeiffer@test.de;secret
Leon;Kaiser;Leon.Kaiser@test.de;secret
Business;Business;Business@example.com;secret